Beazley Number (Old Number), Museum ID, Shape, Find Spot, Comments
97 (80), Brussels A 1379, Classic Pot, Unknown, Youth and woman at tomb
98 (81), Athens 1639 (CC. 1392), Classic Pot, Eretria, Man and woman at tomb
99 (82), Athens 12480 (N. 1087), Classic Pot, Unknown, Two women (Muses?)
100 (83), Halle 1, Classic Pot, Unknown, Two women (one with sash and perfume-vase the other with alabastron: preparation for a visit to the tomb?).
101, Bronxville Bastis, Classic Pot, Unknown, Two women (one with perfume-vase and alabastron the other with a flat basket: preparation for a visit to the tomb). Late.
102 (84), Syracuse 24684, Classic Pot, Unknown, Two women
103 (85), Oxford 1947.258, Classic Pot, Unknown, Two women
104, Athens, Classic Pot, Athens, (Woman)
105 (86), New York 17.230.13, Squat Lekythos, Unknown, Warrior leaving home (warrior and woman)
106 (88), Vienna 3751, Squat Lekythos, Unknown, Masner 57.
107 (89), Cab. Med. 479., Squat Lekythos, Unknown, De Ridder pl. 20.
108 (90), Tubingen E 135., Squat Lekythos, Unknown, Watzinger pl. 34
109 (91), Oxford 1957.30, Squat Lekythos, Unknown, Arch. Reports 1960-1 57 fig. 10.
110 (87), Berlin inv. 3222, Squat Lekythos, Unknown, None
111 (92), Once Burgon 80., Squat Lekythos, Unknown, Hermes is bearded.
112, Munich 2531., Squat Lekythos, Unknown, Hermes is bearded
113, Oxford, Squat Lekythos, Unknown, Beazley.
114, Unknown, Squat Lekythos, Athens Market, None
115, Athens, Classic Pot, from Athens, (Youthful face).
115, Unknown, Pot Fragment, from Locri, (Head- except the back- to right and left shoulder with part of the breast of a woman in chiton and himation frontal). From a small vase.
116, Naples Astratita, Pot Fragment, Unknown, (Feet of a woman standing to left).
117 (93), Vienna Univ. 53d, Pot Fragment, from Italy., Unexplained subjects:on one fragment (Athena Talthybios); on another (Telamon-or Ajax- Aigina); on the two unpublished (pieces of drapery). 
118 (98), Berlin 2443, Squat Lekythos, from Pikrodafni., Mother seated and maid with baby.
119 (95), Athens 1923 (CC. 1629), Squat Lekythos, from Eretria, Mistress and maid.
120 (96), Athens 1922 (CC. 1630), Squat Lekythos, from Eretria, Mistress and maid 
121 (97), Brussels A 8, Squat Lekythos, from Eretria, Mistress and maid. 
122 (98), Athens 1963 (CC. 1628), Squat Lekythos ,from Eretria, Mistress and maid.
123 (99), London D 50, Squat Lekythos, from Athens, Mistress and maid. Restored
124 (100), Havana, Squat Lekythos, from Gela, Woman with lyre and woman with sash.
125 (101), Athens 12743 (N. 988), Squat Lekythos, from Eretria, Two women (mistress and maid)
126 (102), Athens 12744 (N. 992), Squat Lekythos, from Eretria, Mistress and maid.
127 (103), Berlin Volkerkundemuseum 5252 and 5254, Squat Lekythos, from Hanai Tepe in the Troad, None
